date,fg_index,fg_roll,fg_z,label
2020-01-02,53.602753623188406,,,
2020-01-03,49.065549450549454,,,
2020-01-06,52.06067073170732,,,
2020-01-07,53.97195238095238,,,
2020-01-08,52.864741379310345,52.31313351314158,-1.565193127959264,Extreme fear
2020-01-09,53.31010204081633,52.4792949344207,-1.338626183182695,Fear
2020-01-10,52.02800970873787,52.41482561646602,-1.42653236675033,Fear
2020-01-13,54.20151933701658,52.638162331534836,-1.1220048970160814,Fear
2020-01-14,53.73162698412699,52.75965840404508,-0.9563407269632912,Fear
2020-01-15,52.25345394736842,52.70903795837741,-1.025363485855599,Fear
2020-01-16,56.26159722222222,53.03199789145421,-0.5849962528410197,Fear
2020-01-17,54.66918181818181,53.16842988534818,-0.3989664284186117,Neutral
2020-01-21,53.281618257261414,53.177136683187655,-0.3870944031910298,Neutral
2020-01-22,53.27697478991597,53.1842679765254,-0.37737063379016644,Neutral
2020-01-23,53.28418674698795,53.16151319965393,-0.40839757274599225,Neutral
2020-01-24,52.251593406593415,53.38908776794278,-0.09809164102530235,Neutral
2020-01-27,51.529009900990104,53.35111199432013,-0.14987294464546305,Neutral
2020-01-28,52.55717514124294,53.25005647719803,-0.287665698167409,Neutral
2020-01-29,52.09297142857143,53.194930052145246,-0.36283251850702963,Neutral
2020-01-30,51.12085164835165,53.03855502411205,-0.5760553717306823,Fear
2020-01-31,50.62790960451977,52.93854787381076,-0.7124186402026823,Fear
2020-02-03,53.130816326530606,52.862069087347486,-0.8167001566691131,Fear
2020-02-04,54.08632183908046,52.88740443412986,-0.7821545198350632,Fear
2020-02-05,53.4373880597015,52.97197115643938,-0.6668448182452424,Fear
2020-02-06,54.221688741721856,52.82626340783221,-0.8655224606129276,Fear
2020-02-07,54.25229838709677,52.79648601989756,-0.9061249768639621,Fear
2020-02-10,52.444883720930235,52.77304586663307,-0.9380864506485926,Fear
2020-02-11,53.41668421052631,52.7820502635174,-0.9258086386514801,Fear
2020-02-12,53.304115384615386,52.78385963649736,-0.9233414949253628,Fear
2020-02-13,52.12858638743455,52.70681961252714,-1.0283882784812497,Fear
2020-02-14,54.71458904109589,52.87101932149396,-0.8044961974709343,Fear
2020-02-18,52.12699604743083,52.93615005911481,-0.715688144914549,Fear
2020-02-19,54.0637984496124,53.07692341776059,-0.523738716889775,Fear
2020-02-20,54.15502590673575,53.29365015050231,-0.22822419064956523,Neutral
2020-02-21,53.13258064516129,53.47255522483385,0.01571917348567508,Neutral
2020-02-24,50.492421875,53.284098478295945,-0.24124823180571167,Neutral
2020-02-25,51.98716666666667,53.13415882312353,-0.4456962276867844,Neutral
2020-02-26,53.124021164021165,53.11177547343208,-0.4762167126129297,Neutral
2020-02-27,50.94028436018957,52.87738944617977,-0.7958103083108682,Fear
2020-02-28,47.42392045454546,52.38964816528325,-1.46086270737831,Fear
2020-03-02,53.4791116751269,52.463521590583014,-1.360133692535373,Fear
2020-03-03,50.97353741496598,52.28901110518585,-1.5980848800224754,Extreme fear
2020-03-04,55.82506849315069,52.46907918436693,-1.3525557178512455,Fear
2020-03-05,50.137214285714286,52.32683831995835,-1.5465061416219692,Extreme fear
2020-03-06,48.4921568627451,51.88237887864758,-2.1525422294195358,Extreme fear
2020-03-09,49.082130434782606,51.69569564905658,-2.407091381947577,Extreme fear
2020-03-10,52.60976744186046,51.72788040868522,-2.3632063296815615,Extreme fear
2020-03-11,51.87806748466258,51.5821650110219,-2.5618944018064624,Extreme fear
2020-03-12,49.66185779816514,51.282620470450524,-2.970333923202668,Extreme fear
2020-03-13,52.40593023255814,51.234177109610314,-3.036388150325811,Extreme fear
2020-03-16,48.432652671755726,51.09685916272736,-3.223626002823471,Extreme fear
2020-03-17,53.493597560975616,51.19728788901463,-3.0866879006602344,Extreme fear
2020-03-18,50.50991071428571,51.02301385903226,-3.3243166728689095,Extreme fear
2020-03-19,50.72147435897436,51.00842652561792,-3.344207015276203,Extreme fear
2020-03-20,52.0875138121547,51.31933274945853,-2.9202754389492336,Extreme fear
2020-03-23,51.37889344262295,51.17931820062494,-3.111190203094204,Extreme fear
2020-03-24,56.7583064516129,51.56496946973473,-2.585341127425579,Extreme fear
2020-03-25,54.07176100628931,51.44808230394397,-2.744720890988855,Extreme fear
2020-03-26,54.16431428571428,51.71655563727731,-2.378648053990563,Extreme fear
2020-03-27,56.14409395973154,52.22668477707641,-1.6830690215289297,Extreme fear
2020-03-30,53.00426229508197,52.48816023442969,-1.3265380346696238,Fear
2020-03-31,54.15985401459854,52.5914993392789,-1.1856315289272354,Fear
2020-04-01,50.60549079754601,52.50666089347112,-1.3013117350682961,Fear
2020-04-02,53.71210227272727,52.77667719177527,-0.9331350110386913,Fear
2020-04-03,50.86065789473684,52.673659035920515,-1.073603891533644,Fear
2020-04-06,55.15419871794872,53.12176210566671,-0.4625995881529373,Neutral
2020-04-07,55.73931623931624,53.271476684222755,-0.2584584921582519,Neutral
2020-04-08,55.171441048034936,53.58224537313937,0.1652855504602942,Neutral
2020-04-09,55.61415517241379,53.90842409403533,0.610041713928505,Greed
2020-04-13,49.64976811594203,53.91498016226388,0.6189811436520487,Greed
2020-04-14,56.876836283185845,53.923446578804814,0.6305254005205723,Greed
2020-04-15,48.068683206106876,53.4946553073632,0.04585341366875028,Neutral
2020-04-16,54.27361842105263,53.502462745601655,0.05649913043381246,Neutral
2020-04-17,55.83906050955414,53.480674642017554,0.026790284520460148,Neutral
2020-04-20,50.04240566037736,53.269113453824374,-0.2616808399634305,Neutral
2020-04-21,45.90163043478261,52.67924034098037,-1.0659935856904281,Fear
2020-04-22,53.929352678571426,52.91665904676791,-0.7422648260962824,Fear
2020-04-23,52.94704887218045,52.862012375300274,-0.8167774855410603,Fear
2020-04-24,50.1047572815534,52.80801947435861,-0.8903987058688994,Fear
2020-04-27,52.954681159420296,52.65091107732086,-1.1046215335359315,Fear
2020-04-28,53.00871875,52.45586839951255,-1.3705690878592538,Fear
2020-04-29,55.856612500000004,52.504809217510065,-1.3038365603976847,Fear
2020-04-30,54.17590476190476,52.40207704533084,-1.4439154920879,Fear
2020-05-01,49.74432471264368,52.224893556485036,-1.6855114138344591,Extreme fear
2020-05-04,51.715354729729725,52.362599330737545,-1.4977447450715973,Fear
2020-05-05,55.546137123745815,52.273886053441544,-1.6187084202938269,Extreme fear
2020-05-06,52.795445344129554,52.58900352930972,-1.1890346536423833,Fear
2020-05-07,54.90608695652173,52.631168098341,-1.131541780087877,Fear
2020-05-08,54.29916256157635,52.52850823514248,-1.2715221159385035,Fear
2020-05-11,52.569898785425096,52.69700777681233,-1.0417670617357615,Fear
2020-05-12,49.61181818181818,52.9443536266147,-0.7045022919625791,Fear
2020-05-13,50.90536199095022,52.74275424743995,-0.9793901393152425,Fear
2020-05-14,51.61675115207373,52.65406773276617,-1.1003173227603469,Fear
2020-05-15,49.23608695652174,52.59615637776405,-1.1792814930815723,Fear
2020-05-18,53.75269961977186,52.64935760845416,-1.1067397429989043,Fear
2020-05-19,55.110092592592586,52.789449197960344,-0.9157199311859576,Fear
2020-05-20,54.39751428571429,52.69217598367462,-1.0483553816994136,Fear
2020-05-21,53.60422839506173,52.65406422588509,-1.1003221045161071,Fear
2020-05-22,50.97187969924812,52.73590122499205,-0.9887344765660508,Fear
2020-05-26,55.59770491803279,52.81248081710271,-0.8843155080522771,Fear
2020-05-27,55.44494186046512,53.00173056826954,-0.6262668130452269,Fear
2020-05-28,53.52007425742575,52.90272966119125,-0.761258033475131,Fear
2020-05-29,54.023322368421056,52.883026790251584,-0.7881235913029543,Fear
2020-06-01,53.21834080717489,52.92934407751943,-0.7249683403076777,Fear
2020-06-02,54.401714285714284,53.27147951351201,-0.25845463432279203,Neutral
2020-06-03,55.526346153846156,53.60154981086172,0.19160783057629455,Neutral
2020-06-04,54.79367768595041,53.82847313471006,0.5010257675864576,Greed
2020-06-05,53.20158333333333,54.11172287591088,0.8872467566620214,Greed
2020-06-08,56.50022151898734,54.30797444014056,1.154842670158996,Greed
2020-06-09,55.177352941176466,54.312778750753694,1.1613935167333427,Greed
2020-06-10,53.3083918128655,54.234984288407354,1.0553180299045548,Greed
2020-06-11,50.76211656441718,54.031976300504176,0.7785094949847763,Greed
2020-06-12,53.67873134328358,54.22532284650671,1.0421443139076936,Greed
2020-06-15,50.06388888888889,53.947893915998854,0.66386020503378,Greed
2020-06-16,52.607300884955755,53.74853364712705,0.3920254633686502,Neutral
2020-06-17,52.28225,53.53768752309603,0.104529354031439,Neutral
2020-06-18,53.65721649484536,53.54683033892401,0.11699590512888187,Neutral
2020-06-19,50.273812500000005,53.296863014362614,-0.22384333772228024,Neutral
2020-06-22,52.77453781512605,53.267276148226024,-0.26418607079760736,Neutral
2020-06-23,56.198170731707314,53.38703991129223,-0.10088396562799966,Neutral
2020-06-24,49.31030303030303,52.972637036389344,-0.6659368675025865,Fear
2020-06-25,51.00657894736842,52.72016378715055,-1.0101930268294759,Fear
2020-06-26,50.8364705882353,52.56248960414401,-1.2251873235737405,Fear
2020-06-29,54.2793125,52.41442900287819,-1.427073163333316,Fear
2020-06-30,53.32550420168067,52.29097242024513,-1.5954105579246907,Extreme fear
2020-07-01,54.663423913043474,52.38130789359034,-1.472234961307786,Fear
2020-07-02,53.54390909090909,52.5667607286898,-1.2193634949638863,Fear
2020-07-06,51.76070048309179,52.608535084376165,-1.162402691035938,Fear
2020-07-07,52.5818125,52.60671448545075,-1.1648851417336927,Fear
2020-07-08,52.74755813953488,52.639950781131816,-1.1195662830589108,Fear
2020-07-09,53.62202247191011,52.63743692235073,-1.1229940179641968,Fear
2020-07-10,53.41897849462366,52.86209163625241,-0.8166694104438034,Fear
2020-07-13,53.9138,52.943467506600555,-0.7057105477825188,Fear
2020-07-14,53.15676229508197,52.726224046841594,-1.001929649493249,Fear
2020-07-15,55.48521008403361,53.16728883639378,-0.4005222888189935,Neutral
2020-07-16,51.01598039215686,53.167960368164394,-0.39960663162000504,Neutral
2020-07-17,49.98733333333334,53.107307707099956,-0.48230866921785764,Neutral
2020-07-20,55.72402985074627,53.21050180358184,-0.34159988748684084,Neutral
2020-07-21,56.35486111111111,53.426884439969726,-0.04655454873309491,Neutral
2020-07-22,53.44523809523809,53.33987116726934,-0.16520020786970716,Neutral
2020-07-23,52.35076576576577,53.25464664404482,-0.2814068441537283,Neutral
2020-07-24,49.02448051948052,52.972635569073866,-0.6659388682388724,Fear
2020-07-27,51.20528776978417,52.935608054853354,-0.7164271867970048,Fear
2020-07-28,51.31875,52.851403888186695,-0.8312425310102355,Fear
2020-07-29,53.12078651685393,52.876285780007954,-0.7973151959717732,Fear
2020-07-30,52.02192893401015,52.76961287748129,-0.9427674521565321,Fear
2020-07-31,48.62152482269504,52.44978263268605,-1.378867245072214,Fear
2020-08-03,52.559658385093165,52.359506525025594,-1.5019618944890134,Extreme fear
2020-08-04,53.37416083916084,52.37399976129753,-1.4821998568464603,Fear
2020-08-05,53.81814814814815,52.26286229890516,-1.6337396975063592,Extreme fear
2020-08-06,53.981437500000006,52.46055943942803,-1.3641726898669095,Fear
2020-08-07,52.99811111111111,52.66127795794656,-1.0904859270145966,Fear
2020-08-10,54.82283653846154,52.601198403794236,-1.1724065131713841,Fear
2020-08-11,52.59362745098039,52.35044949311886,-1.5143114761912901,Extreme fear
2020-08-12,51.726701030927835,52.235880355498175,-1.670530526778253,Extreme fear
2020-08-13,50.713873239436616,52.12675418707623,-1.8193278973363736,Extreme fear
2020-08-14,52.78253623188406,52.377291234569796,-1.4777118172198753,Fear
2020-08-17,52.421338582677166,52.45836128876267,-1.367169945647321,Fear
2020-08-18,55.77969298245614,52.75575748759307,-0.9616597638104455,Fear
2020-08-19,55.873806818181826,52.93929217434827,-0.7114037602294614,Fear
2020-08-20,52.832142857142856,52.993306435890446,-0.6377534139711889,Fear
2020-08-21,53.799784946236564,53.33852377745988,-0.1670374212866415,Neutral
2020-08-24,53.02089108910891,53.36927262439427,-0.12511028650591763,Neutral
2020-08-25,54.67476744186046,53.4559797312409,-0.0068820952842206665,Neutral
2020-08-26,52.60329545454545,53.37498955166739,-0.11731505500266239,Neutral
2020-08-27,51.96015625,53.24023746833406,-0.3010542622632045,Neutral
2020-08-28,53.4650625,53.271367560926656,-0.25860728561229634,Neutral
2020-08-31,53.362635658914726,53.17402083562354,-0.3913429709846683,Neutral
2020-09-01,53.10940000000001,53.208405672224835,-0.34445803635046696,Neutral
2020-09-02,54.36966666666667,53.3846033812741,-0.10420626004396295,Neutral
2020-09-03,51.77672413793103,53.455460107840395,-0.007590620075240012,Neutral
2020-09-04,50.99929487179487,53.336577350501116,-0.16969144293549251,Neutral
2020-09-08,50.573041958041955,53.03004790360181,-0.5876551298936376,Fear
2020-09-09,53.24285714285714,52.842122926792904,-0.8438974484477098,Fear
2020-09-10,53.06336538461539,52.858638821612374,-0.8213774447026003,Fear
2020-09-11,49.88375,52.57892203973832,-1.2027811194188862,Fear
2020-09-14,54.32241610738255,52.67188811247216,-1.0760186079704572,Fear
2020-09-15,51.81747252747253,52.46779561858731,-1.3543059049576764,Fear
2020-09-16,52.26852564102564,52.44388348905018,-1.3869109349978832,Fear
2020-09-17,53.43216981132075,52.5490273148588,-1.243543628723092,Fear
2020-09-18,50.78611842105263,52.357674166362564,-1.5044603800028093,Extreme fear
2020-09-21,53.191173913043485,52.345426898800326,-1.5211599602788841,Extreme fear
2020-09-22,55.07842857142857,52.48607179675952,-1.3293856929205297,Fear
2020-09-23,53.13847222222222,52.39812933644206,-1.4492983320691246,Fear
2020-09-24,53.80293333333333,52.54285856468507,-1.2519549366500011,Fear
2020-09-25,52.078984375,52.61997924348544,-1.1467981773951355,Fear
2020-09-28,53.8349025974026,52.700974133746584,-1.0363587944883461,Fear
2020-09-29,54.58271604938271,52.96828573983597,-0.6718700134658641,Fear
2020-09-30,51.88640625,52.87785568031216,-0.7951745816655805,Fear
2020-10-01,53.29276699029126,52.89314912069055,-0.7743214375664181,Fear
2020-10-02,52.55611842105263,53.071307015427394,-0.5313968791001875,Fear
2020-10-05,52.61970802919708,52.957793143548365,-0.6861770377158751,Fear
2020-10-06,50.89981012658228,52.89661565015568,-0.76959470266101,Fear
2020-10-07,51.96807692307692,52.87658573562577,-0.7969061959320939,Fear
2020-10-08,55.547763157894735,53.01762529206403,-0.6045937978503404,Fear
2020-10-09,56.60063953488372,53.40526003298611,-0.07604018857156064,Neutral
2020-10-12,55.1974832214765,53.53901398688164,0.10633803407852102,Neutral
2020-10-13,52.442,53.363252082119736,-0.13331950774715867,Neutral
2020-10-14,52.656129032258065,53.33109586945545,-0.1771656352227649,Neutral
2020-10-15,52.80565934065934,53.264610936610524,-0.267820180618398,Neutral
2020-10-16,57.151593406593406,53.60278487205008,0.19329187996576686,Neutral
2020-10-19,53.7215,53.59522469888991,0.18298331783566385,Neutral
2020-10-20,56.379375,53.715001962264395,0.3463038311506644,Neutral
2020-10-21,53.798465909090915,53.84247260620379,0.5201145395794082,Greed
2020-10-22,54.9054296875,53.94998345268437,0.6667093618307776,Greed
2020-10-23,55.69457894736843,54.159214154438764,0.9520027860505847,Greed
2020-10-26,51.380445205479454,54.07659663285758,0.8393508882420212,Greed
2020-10-27,49.612765151515156,53.99079363451978,0.7223554807857505,Greed
2020-10-28,49.902793296089385,53.853108059387274,0.5346163542337744,Greed
2020-10-29,53.029637096774195,53.68523298864591,0.3057127881157997,Neutral
2020-10-30,53.095929203539825,53.451585633222976,-0.012873602550506428,Neutral
2020-11-02,52.1075,53.24558675179121,-0.29376032603961844,Neutral
2020-11-03,54.072343749999995,53.35427633512454,-0.14555825461231284,Neutral
2020-11-04,52.73702586206896,53.35966945711194,-0.13820454301014332,Neutral
2020-11-05,51.5327619047619,53.27480962805211,-0.2539139059678106,Neutral
2020-11-06,51.9491304347826,52.927978763264726,-0.7268299943364365,Fear
2020-11-09,55.19625,53.02629542993139,-0.5927717597847262,Fear
2020-11-10,51.40078512396694,52.69438943819585,-1.045337258573026,Fear
2020-11-11,54.47712643678161,52.73963347337523,-0.9836454245658038,Fear
2020-11-12,50.609032258064516,52.45320697807953,-1.3741980296328709,Fear
2020-11-13,54.6058152173913,52.38062272941439,-1.473169206771143,Fear
2020-11-16,54.31692546583851,52.57638808010499,-1.2062362625435161,Fear
2020-11-17,51.87394117647059,52.72713314843535,-1.0006900574808362,Fear
2020-11-18,55.284040404040404,53.08588295563209,-0.5115220717351502,Fear
2020-11-19,50.113200000000006,52.89145381584714,-0.7766330453745318,Fear
2020-11-20,52.212555555555554,52.83256223931486,-0.8569337822440191,Fear
2020-11-23,52.98686274509804,52.8911864223214,-0.7769976458558889,Fear
2020-11-24,53.801611111111114,52.873137579728805,-0.8016078778307795,Fear
2020-11-25,56.237088607594934,53.10647509609719,-0.48344396361791386,Neutral
2020-11-27,56.12318181818181,53.51702970857823,0.07636169703241891,Neutral
2020-11-30,50.200181818181825,53.16016769559122,-0.4102322148808899,Neutral
2020-12-01,56.321333333333335,53.51163542483169,0.06900640133078645,Neutral
2020-12-02,51.93840425531915,53.330298126155796,-0.17825338628271534,Neutral
2020-12-03,56.516020408163264,53.75222585116285,0.3970599134921711,Neutral
2020-12-04,55.09845744680851,53.7874145818355,0.4450409859799634,Neutral
2020-12-07,53.78603658536585,53.74949394751603,0.3933348667399295,Neutral
2020-12-08,52.38333333333333,53.785879101577656,0.4429473046181519,Neutral
2020-12-09,51.99266990291262,53.550781208639954,0.12238305500916544,Neutral
2020-12-10,53.60757142857143,53.80037916782363,0.4627186551706317,Neutral
2020-12-11,49.05421052631579,53.5747830943065,0.15511047069015102,Neutral
2020-12-14,53.71993103448276,53.627145114976834,0.22650792838087025,Neutral
2020-12-15,52.282088607594936,53.51860779329711,0.07851347107601278,Neutral
2020-12-16,53.18861111111111,53.30085940069113,-0.21839412433912153,Neutral
2020-12-17,57.309950495049506,53.56813214031502,0.146041660890031,Neutral
2020-12-18,54.40424418604652,53.453536298172665,-0.010213802251907832,Neutral
2020-12-21,52.77306074766355,53.625061560138114,0.22366692804246935,Neutral
2020-12-22,51.08780898876404,53.27615993716682,-0.25207271197544023,Neutral
2020-12-23,55.82736842105263,53.53542421488238,0.10144325364118739,Neutral
2020-12-24,57.248363636363635,53.58424709676241,0.16801497105664992,Neutral
2020-12-28,56.07726086956522,53.63974809205907,0.24369253110411793,Neutral
2020-12-29,52.97144578313253,53.681756124187594,0.300971961083518,Neutral
2020-12-30,56.543934426229505,54.00684644728165,0.7442440558504627,Greed
2020-12-31,54.34726190476191,54.059681481295264,0.8162864838790572,Greed
2021-01-04,53.634521739130435,54.43814776280504,1.3323385761308277,Greed
2021-01-05,55.44583333333333,54.681512741708,1.6641752883543905,Extreme greed
2021-01-06,55.017788461538466,54.82221869174086,1.8560328023634831,Extreme greed
2021-01-07,51.71288659793814,54.39167531504,1.268971758337864,Greed
2021-01-08,53.523132530120485,54.323897495353386,1.176554316239694,Greed
2021-01-11,52.834999999999994,54.32866205322541,1.1830509585527245,Greed
2021-01-12,53.271422413793104,54.49663231668919,1.412084323297335,Greed
2021-01-13,52.66851239669422,54.25364339173854,1.0807603738702831,Greed
2021-01-14,53.017967032967036,53.92822826840033,0.6370454025414176,Greed
2021-01-15,50.59247967479675,53.68996051171437,0.3121589321709988,Neutral
2021-01-19,53.06983425414364,53.513890366572845,0.07208109374139628,Neutral
2021-01-20,53.20202970297029,53.25682077247598,-0.2784423435349393,Neutral
2021-01-21,54.641913580246914,53.279486285974826,-0.24753711832866995,Neutral
2021-01-22,51.483218390804595,53.15118143631981,-0.4224852956045637,Neutral
2021-01-25,53.99464071856287,53.17690422056499,-0.3874113741568889,Neutral
2021-01-26,55.0572697368421,53.14914967795847,-0.4252556696234516,Neutral
2021-01-27,49.679605263157896,52.767850878074135,-0.9451700003491558,Fear
2021-01-28,53.65117021276596,52.906299707704704,-0.7563901494317918,Fear
2021-01-29,50.005091743119266,52.655011080061755,-1.0990310355284616,Fear
2021-02-01,53.75453237410072,52.72069196392609,-1.0094728392106154,Fear
2021-02-02,54.807561983471075,52.830416218903096,-0.8598599565892955,Fear
2021-02-03,53.36256637168142,52.879991502830755,-0.7922623125064807,Fear
2021-02-04,50.24,52.681565286190256,-1.062823441086936,Fear
2021-02-05,52.42967532467532,52.81279354689586,-0.8838890899750275,Fear
2021-02-08,54.05083333333334,52.89532953265836,-0.7713483691243135,Fear
2021-02-09,54.15065934065934,52.96738453842607,-0.6730988332996029,Fear
2021-02-10,53.19390804597701,52.96684309462652,-0.673837110972528,Fear
2021-02-11,53.9393137254902,52.92000310430941,-0.7377050859682696,Fear
2021-02-12,51.798095238095236,52.940994894128785,-0.7090820418936842,Fear
2021-02-16,53.11927586206897,52.727306344185415,-1.000453898981237,Fear
2021-02-17,53.16653465346534,52.97637272920737,-0.660843118894225,Fear
2021-02-18,52.58310679611651,52.90008248516098,-0.7648675511408299,Fear
2021-02-19,56.45357142857143,53.360688176979,-0.13681548262485607,Neutral
2021-02-22,54.64269565217391,53.42412841112708,-0.05031249103876252,Neutral
2021-02-23,55.71236559139785,53.488757240264704,0.037811191639670165,Neutral
2021-02-24,53.88311881188118,53.525939557421836,0.08851058944906644,Neutral
2021-02-25,52.39245370370371,53.67968625054352,0.29814961553542696,Neutral
2021-02-26,52.43730769230769,53.680231419660124,0.29889297280924587,Neutral
2021-03-01,54.74515503875969,53.729825827190574,0.3665166925973835,Neutral
2021-03-02,51.53388888888889,53.542913652064115,0.11165536477564075,Neutral
2021-03-03,49.397091836734695,53.27171249426109,-0.25813695687333715,Neutral
2021-03-04,52.63774390243903,53.17874322118602,-0.38490383209965034,Neutral
2021-03-05,54.05622340425532,53.340038090197446,-0.16497260258357205,Neutral
2021-03-08,55.18702702702703,53.46317068598608,0.0029230245450352923,Neutral
2021-03-09,51.61591463414634,53.36294660412457,-0.13373603774267545,Neutral
2021-03-10,52.78122340425532,53.337259187510575,-0.16876173418071924,Neutral
2021-03-11,53.85129629629629,53.42180515418922,-0.05348033362393685,Neutral
2021-03-12,54.261111111111106,53.275641133025196,-0.25278011967813985,Neutral
2021-03-15,54.00534351145038,53.2331509903103,-0.3107169244064959,Neutral
2021-03-16,53.050000000000004,53.05565995088378,-0.5527322021919018,Fear
2021-03-17,53.910821917808214,53.05750682461224,-0.5502139248756375,Fear
2021-03-18,51.343012048192776,52.987544047578176,-0.6456106332010013,Fear
2021-03-19,54.59868055555555,53.13163557179471,-0.4491367696614058,Neutral
2021-03-22,52.928209876543214,53.01050589431361,-0.6143013471993121,Fear
2021-03-23,51.48386363636364,53.0071708774786,-0.6188487600059063,Fear
2021-03-24,52.61096774193548,53.22142927115865,-0.3266999009318202,Neutral
2021-03-25,50.7321568627451,53.094390135179054,-0.49992223307353717,Neutral
2021-03-26,55.05542105263158,53.16100331173747,-0.40909282286194953,Neutral
2021-03-29,51.637499999999996,52.924368176602336,-0.7317531562993722,Fear
2021-03-30,51.73005882352942,52.93197778922787,-0.7213771817185767,Fear
2021-03-31,55.96897435897436,53.14449451954247,-0.43160314192866456,Neutral
2021-04-01,53.1625625,53.09857893312272,-0.494210659682577,Neutral
2021-04-05,56.98372340425532,53.228282341323904,-0.31735549861671636,Neutral
2021-04-06,53.559494949494955,53.26467483771639,-0.26773304921200464,Neutral
2021-04-07,53.56909090909091,53.24026547995088,-0.30101606743800213,Neutral
2021-04-08,53.575879120879115,53.39975598514276,-0.08354515148154955,Neutral
2021-04-09,55.184457831325304,53.441597219126315,-0.026493156642079577,Neutral
2021-04-12,55.71873913043478,53.640920737261425,0.24529147410038407,Neutral
2021-04-13,56.212968749999995,53.97871395966403,0.7058844190621909,Greed
2021-04-14,56.041342281879196,54.22374071251714,1.0399870185410345,Greed
2021-04-15,55.67857142857143,54.57705603864759,1.5217448981251542,Extreme greed
2021-04-16,57.41989010989011,54.74594668559463,1.7520332381355044,Extreme greed
2021-04-19,54.625838926174495,54.95939946603567,2.0430836152104064,Extreme greed
2021-04-20,52.15410377358491,54.98968839103963,2.0843836302553296,Extreme greed
2021-04-21,51.87386597938145,54.697180649640146,1.685539032139804,Extreme greed
2021-04-22,55.39759124087591,54.856825559702706,1.9032204845706002,Extreme greed
2021-04-23,52.80434343434344,54.71999341801209,1.7166450445471253,Extreme greed
2021-04-26,54.585229007633586,54.560093791570644,1.498616277370801,Greed
2021-04-27,52.70186131386861,54.502918215862216,1.4206553680070122,Greed
2021-04-28,52.47970394736842,54.43029241841405,1.3216275376410653,Greed
2021-04-29,56.66568181818182,54.63627926490089,1.6024978510592904,Extreme greed
2021-04-30,51.818555555555555,54.411885779849584,1.296529438268457,Greed
2021-05-03,53.558519999999994,54.26787117115393,1.100160451748071,Greed
2021-05-04,54.281228070175445,54.13908845916562,0.9245606923657887,Greed
2021-05-05,57.28903669724771,54.22226808685686,1.0379790416347123,Greed
2021-05-06,53.57582191780822,54.08208478613931,0.8468341783579547,Greed
2021-05-07,49.92821428571428,53.582639731194256,0.16582327154473836,Neutral
2021-05-10,54.134357798165134,53.5498743226603,0.1211464840645447,Neutral
2021-05-11,52.383023255813946,53.56513562147557,0.14195580201139404,Neutral
2021-05-12,53.05598765432099,53.643943733138194,0.24941343535107188,Neutral
2021-05-13,53.619393939393944,53.52539724637274,0.08777112925086751,Neutral
2021-05-14,50.316607142857144,53.359548160273654,-0.13836993551732255,Neutral
2021-05-17,51.44266666666667,53.15004400420919,-0.42403622431117644,Neutral
2021-05-18,51.81034782608696,53.09060977169042,-0.5050768917131421,Fear
2021-05-19,50.70563218390805,52.97233832079306,-0.6663441767292823,Fear
2021-05-20,55.82841176470588,52.916520317228,-0.742453988705547,Fear
2021-05-21,52.5225352112676,52.96345229427546,-0.6784605865661533,Fear
2021-05-24,55.31760504201681,53.080724630409925,-0.518555629685921,Fear
2021-05-25,51.074285714285715,52.866928473350605,-0.8100742128625344,Fear
2021-05-26,53.498352941176464,52.614216222945856,-1.1546562586891347,Fear
2021-05-27,52.888,52.568361428425305,-1.2171808845493497,Fear
2021-05-28,53.93846153846154,52.83571124527512,-0.8526400018104676,Fear
2021-06-01,54.79373333333333,52.91514435417722,-0.7443301627424563,Fear
2021-06-02,55.13892857142857,53.06392584825634,-0.5414613602652932,Fear
2021-06-03,53.727619047619044,53.071656213129565,-0.5309207357457624,Fear
2021-06-04,55.936194029850746,53.47305527648625,0.016401011509465803,Neutral
2021-06-07,51.79296460176991,53.49807655756505,0.05051840870539255,Neutral
2021-06-08,53.52219298245614,53.62035121159141,0.21724420205202244,Neutral
2021-06-09,52.873714285714286,53.77521421886329,0.42840536176286453,Neutral
2021-06-10,52.66970297029703,53.549592162119794,0.12076174823894117,Neutral
2021-06-11,53.076,53.58912536131498,0.17466665642969534,Neutral
2021-06-14,54.58732673267326,53.53696262493328,0.10354092987892285,Neutral
2021-06-15,51.578359375,53.572967886412876,0.152635370853943,Neutral
2021-06-16,55.404550561797755,53.7091248593144,0.3382901944757531,Neutral
2021-06-17,49.60258426966292,53.474452307147466,0.018305911974534197,Neutral
2021-06-18,55.05941558441558,53.55452045328703,0.12748164666142206,Neutral
2021-06-21,53.896123188405795,53.57729396896162,0.1585341366346811,Neutral
2021-06-22,51.68462264150943,53.37001992284003,-0.1240913187793023,Neutral
2021-06-23,55.63762195121951,53.40326614815943,-0.07875892069324367,Neutral
2021-06-24,54.113377192982455,53.42898335785032,-0.043692600346504955,Neutral
2021-06-25,56.29094444444445,53.4526333854899,-0.011444955466414936,Neutral
2021-06-28,55.03230392156863,53.66858934014315,0.2830185877281511,Neutral
2021-06-29,56.452875000000006,53.86396814131274,0.5494244580820349,Greed
2021-06-30,54.18131313131313,53.951141397686,0.6682882605860903,Greed
2021-07-01,55.236902173913045,54.122288011260395,0.9016526904754414,Greed
2021-07-02,58.80896551724138,54.504485712409824,1.4227927047065028,Greed
2021-07-06,52.14138554216867,54.53878465147449,1.4695605150269522,Greed
2021-07-07,53.78201492537313,54.42288924887272,1.3115330554698772,Greed
2021-07-08,52.36382978723404,54.620121071556376,1.5804655858620251,Extreme greed
2021-07-09,57.37462962962963,54.78549350335738,1.8059567157223406,Extreme greed
2021-07-12,53.202828282828285,54.73597243867328,1.7384330014859768,Extreme greed
2021-07-13,54.175430107526886,54.91388725767452,1.9810261176334,Extreme greed
2021-07-14,55.17335227272727,54.880725137782214,1.93580840025668,Extreme greed
2021-07-15,50.47826086956522,54.62107397182384,1.58176489890722,Extreme greed
2021-07-16,55.01039215686275,54.52960595128229,1.4570450343362071,Greed
2021-07-19,48.61066037735849,54.07091712669585,0.8316066817409195,Greed
2021-07-20,58.342531645569615,54.2058926013794,1.0156504909681348,Greed
2021-07-21,53.81825471698113,54.17995985749854,0.9802902821691887,Greed
2021-07-22,55.80871794871795,54.22080384141317,1.0359824914486042,Greed
2021-07-23,59.03394495412844,54.23687380119082,1.0578944470726925,Greed
2021-07-26,55.371260504201686,54.31249958139154,1.1610128594846802,Greed
2021-07-27,53.38775,54.39559054524696,1.2743103124935762,Greed
2021-07-28,53.41885869565217,54.37138012993224,1.2412985592995927,Greed
2021-07-29,54.42333333333333,54.50868036633885,1.4285122629395663,Greed
2021-07-30,52.740187500000005,54.199717557696886,1.0072306016205457,Greed
2021-08-02,52.15781746031746,54.1300501695295,0.9122366664089915,Greed
2021-08-03,54.92559633027523,54.18006125104605,0.9804285358390392,Greed
2021-08-04,50.61379310344827,53.87609063976079,0.5659539112805593,Greed
2021-08-05,53.2726923076923,54.06238606896925,0.8199742843411556,Greed
2021-08-06,50.789848484848484,53.78101649083497,0.4363169637657046,Neutral
2021-08-09,52.43024271844661,54.035655313574175,0.7835259587622642,Greed
2021-08-10,53.46607594936709,53.71055826716068,0.3402446965126877,Neutral
2021-08-11,55.09718309859155,53.79582015926804,0.45650228658339603,Neutral
2021-08-12,57.17546511627907,53.88693663710545,0.5807428103072864,Greed
2021-08-13,54.69335365853658,53.59756388406599,0.18617287913414116,Neutral
2021-08-16,50.767717391304345,53.290661009872835,-0.23229998907927257,Neutral
2021-08-17,49.12809782608696,53.006684198278634,-0.6195123642202527,Fear
2021-08-18,50.19645454545454,52.79185725493212,-0.9124364607706063,Fear
2021-08-19,51.1396511627907,52.57294511022928,-1.2109308731197452,Fear
2021-08-20,48.758863636363635,52.307523519320185,-1.5728425519383336,Extreme fear
2021-08-23,54.66404166666667,52.4746051330768,-1.3450208923391105,Fear
2021-08-24,52.8044705882353,52.33319675027414,-1.5378361981469202,Extreme fear
2021-08-25,53.308098591549296,52.51281711614754,-1.292917508824787,Fear
2021-08-26,51.93945205479452,52.42393443262102,-1.4141121754033696,Fear
2021-08-27,55.061907216494845,52.70873834806412,-1.0257720150604135,Fear
2021-08-30,55.62387755102041,52.921647336902375,-0.7354631169707574,Fear
2021-08-31,51.66227272727272,52.801393788762745,-0.899433061322464,Fear
2021-09-01,54.105533333333334,52.7352838044122,-0.9895763512523768,Fear
2021-09-02,58.56194174757282,52.827715579831775,-0.8635423729927133,Fear
2021-09-03,53.15992857142857,52.725487240691244,-1.0029343106058723,Fear
2021-09-07,53.36339160839161,53.167848928669216,-0.3997585832929966,Neutral
2021-09-08,51.55580188679245,53.2649451673362,-0.2673644452630778,Neutral
2021-09-09,48.37208333333333,53.06726175094639,-0.5369127395641746,Fear
2021-09-10,52.73264367816092,53.35110318250334,-0.14988495986772632,Neutral
2021-09-13,53.002585034013606,53.232427708742414,-0.31170314427502904,Neutral
2021-09-14,53.426445783132536,53.27685450837793,-0.25112563968862256,Neutral
2021-09-15,52.240092592592596,53.2005683655953,-0.35514447971777285,Neutral
2021-09-16,51.10404109589041,53.14089615424501,-0.4365096396304701,Neutral
2021-09-17,52.55282051282051,52.96167567541113,-0.6808830689030629,Fear
2021-09-20,52.87413173652694,52.76526526009017,-0.9486955814526231,Fear
2021-09-21,50.556739130434785,52.68629857460174,-1.0563694357836506,Fear
2021-09-22,51.218526315789475,52.48008378763432,-1.337550554067878,Fear
2021-09-23,54.74707865168539,52.20759356649951,-1.709100558929103,Extreme fear
2021-09-24,49.00541666666667,51.91084271615937,-2.113730785391077,Extreme fear
2021-09-27,54.90389610389611,52.11037960867516,-1.841655211172374,Extreme fear
2021-09-28,53.40549504950495,52.11318650474938,-1.8378279096065502,Extreme fear
2021-09-29,53.20735294117647,52.22328990837499,-1.687698044461433,Extreme fear
2021-09-30,51.81924107142857,52.453100424248,-1.3743433195315602,Fear
2021-10-01,54.84886363636363,52.594181754794846,-1.1819739609828153,Fear
2021-10-04,53.51829710144928,52.62856255929055,-1.1350945242664718,Fear
2021-10-05,55.6781443298969,52.778675795741506,-0.9304098442041606,Fear
2021-10-06,51.48654761904762,52.72843946417185,-0.9989088500076821,Fear
2021-10-07,52.71916666666667,52.836114502223595,-0.8520901467714805,Fear
2021-10-08,52.714578313253014,52.84689835558576,-0.8373859832516007,Fear
2021-10-11,53.69119402985075,52.90136917514069,-0.7631131040776501,Fear
2021-10-12,53.935930232558135,53.126648581948906,-0.45593670579759,Neutral
2021-10-13,56.48680952380952,53.47786746248358,0.02296259644728554,Neutral
2021-10-14,57.607166666666664,53.66853999681566,0.28295130636483345,Neutral
2021-10-15,58.70914893617021,54.315455481449234,1.1650433332250996,Greed
2021-10-18,50.65843949044586,54.03242504055255,0.7791213678309338,Greed
2021-10-19,57.05895833333333,54.275989259474436,1.1112297508311244,Greed
2021-10-20,53.2583950617284,54.27939206751124,1.1158695993267902,Greed
2021-10-21,50.43715753424657,54.18725316503243,0.9902349636274326,Greed
2021-10-22,51.91617346938775,53.99174048723405,0.7236465477793574,Greed
2021-10-25,53.72239495798319,54.005347011002975,0.7421995217225525,Greed
2021-10-26,57.62525547445255,54.13515442064002,0.919196492405792,Greed
2021-10-27,51.783274336283185,54.154936201789056,0.9461696470807686,Greed
2021-10-28,54.982769230769236,54.30584303939589,1.151936430244233,Greed
2021-10-29,55.489821428571425,54.49085924708378,1.4042125397484835,Greed
2021-11-01,54.5369387755102,54.54724223012775,1.4810927211246518,Greed
2021-11-02,52.45932835820896,54.44880210517113,1.3468661468503558,Greed
2021-11-03,55.014,54.35061480358384,1.212984306136441,Greed
2021-11-04,56.21257462686567,54.25764200093044,1.0862126182058778,Greed
2021-11-05,57.77090361445783,54.19509231281628,1.0009239174734335,Greed
2021-11-08,52.43833333333333,54.313751902342105,1.1627204431672495,Greed
2021-11-09,52.588686868686864,54.01573380469901,0.7563622804159931,Greed
2021-11-10,50.703272727272726,53.8453923157353,0.5240956662639129,Greed
2021-11-11,55.314772727272725,54.170566661937045,0.9674823294947744,Greed
2021-11-12,52.93254237288136,54.23832458883661,1.059872647077825,Greed
2021-11-15,53.33582089552239,54.21255298467256,1.0247321579529078,Greed
2021-11-16,57.167647058823526,54.18204575696396,0.9831344794885986,Greed
2021-11-17,49.636503759398494,54.03892771850498,0.7879879980342963,Greed
2021-11-18,55.96885245901639,54.10466660038812,0.8776252766916064,Greed
2021-11-19,55.98580952380953,54.13773247340399,0.9227117580655919,Greed
2021-11-22,57.392406015037594,54.32809695603916,1.1822804286547246,Greed
2021-11-23,55.313580246913574,54.51838041528614,1.4417386210030207,Greed
2021-11-24,52.27786764705883,54.33597159175672,1.1930177715470804,Greed
2021-11-26,47.04184210526316,53.43556698144932,-0.03471559790573696,Neutral
2021-11-29,52.154713114754095,53.415308394407944,-0.062338894192691716,Neutral
2021-11-30,51.415666666666674,53.331521237120796,-0.1765856314432973,Neutral
2021-12-01,48.098837209302324,53.145490128694334,-0.4302455938167558,Neutral
2021-12-02,53.87896551724138,53.042932470834955,-0.5700865690910797,Fear
2021-12-03,51.22064516129033,52.92065409857845,-0.7368174323753417,Fear
2021-12-06,50.9090303030303,52.747311913400445,-0.9731756014036567,Fear
2021-12-07,54.433798449612404,52.5520370127425,-1.2394397997538749,Fear
2021-12-08,54.586104651162785,52.905579933582814,-0.7573715867742902,Fear
2021-12-09,52.146844660194176,52.63257937652408,-1.1296174526254117,Fear
2021-12-10,53.51182432432432,52.455866147989425,-1.370572157890265,Fear
2021-12-13,54.046107142857146,52.216844799976535,-1.6964861765522037,Extreme fear
2021-12-14,52.78430107526882,52.03618200200191,-1.9428262587253033,Extreme fear
2021-12-15,55.50349056603773,52.26658363907183,-1.6286655192431596,Extreme fear
2021-12-16,52.0409842519685,52.251543679931615,-1.649173032754611,Extreme fear
2021-12-17,51.70581818181819,52.562475418368614,-1.2252066663776637,Fear
2021-12-20,52.07565972222223,52.55720519219982,-1.2323928052067246,Fear
2021-12-21,55.317098214285714,52.81730062870775,-0.8777435253300189,Fear
2021-12-22,54.35406666666666,53.23431592586538,-0.3091284937855694,Neutral
2021-12-23,54.450765765765766,53.27243594243367,-0.25715050983344306,Neutral
2021-12-27,56.19119658119658,53.796290018098645,0.4571429556322469,Neutral
2021-12-28,56.43757425742574,53.93941686151389,0.6523014429542456,Greed
2021-12-29,54.64325757575757,53.94349921327065,0.657867873223749,Greed
2021-12-30,55.68415841584159,54.196164481531184,1.0023858572435151,Greed
2021-12-31,55.07666666666667,54.30793893455564,1.154794257044585,Greed
2022-01-03,54.98543795620438,54.375033992651865,1.2462807296893579,Greed
2022-01-04,53.701906779661016,54.44057725725131,1.3356512772970002,Greed
2022-01-05,51.86866935483871,54.1809471707371,0.9816365185113923,Greed
2022-01-06,53.33906542056074,54.273667254207965,1.1080636149439274,Greed
2022-01-07,53.394336283185844,54.39427569001994,1.2725174611246082,Greed
2022-01-10,54.58441011235955,54.57347214645832,1.5168581350156398,Extreme greed
2022-01-11,55.69794117647059,54.600675215185824,1.5539504764429792,Extreme greed
2022-01-12,56.666143790849674,54.765823581198894,1.7791360847170563,Extreme greed
2022-01-13,55.11829341317366,54.81350412744231,1.8441501872956638,Extreme greed
2022-01-14,53.38968390804598,54.71858277948255,1.7147215892747731,Extreme greed
2022-01-18,54.08391975308641,54.445277900478736,1.342060769743101,Greed
2022-01-19,56.055045871559635,54.546119921607456,1.4795624139656114,Greed
2022-01-20,56.089697802197804,54.57508702063291,1.5190600727766304,Extreme greed
2022-01-21,54.255197740113,54.51641066873621,1.43905280227106,Greed
2022-01-24,52.66603603603604,54.35073910300991,1.2131537927777154,Greed
2022-01-25,53.86888613861386,54.36266620007796,1.2294168093188598,Greed
2022-01-26,53.63802173913044,54.489048513241656,1.4017435404389194,Greed
2022-01-27,57.320364806866955,54.77342704083496,1.789503669480198,Extreme greed
2022-01-28,54.69897619047619,54.866615605641414,1.9165695566986563,Extreme greed
2022-01-31,54.97584905660377,54.894575530230284,1.954693897725099,Extreme greed
2022-02-01,53.30194915254237,54.72343324280684,1.7213353666947966,Extreme greed
2022-02-02,55.24725941422594,54.62208435876229,1.5831425970511317,Extreme greed
2022-02-03,53.6587,54.51782768639274,1.4409849557075358,Greed
2022-02-04,55.97658653846153,54.702606445708135,1.692937296000583,Extreme greed
2022-02-07,53.609601063829786,54.629739420249585,1.5935805427541874,Extreme greed
2022-02-08,55.52748815165877,54.725977313487746,1.7248042965885777,Extreme greed
2022-02-09,54.930431654676255,54.65100303236218,1.6225742260904215,Extreme greed
2022-02-10,53.31188271604938,54.46581535995229,1.370064318404248,Greed
2022-02-11,51.99563909774436,54.315178117127715,1.164665137212855,Greed
2022-02-14,52.595253164556965,54.3104592590291,1.1582308081489445,Greed
2022-02-15,53.043386075949364,54.255425921518146,1.0831909159481559,Greed
2022-02-16,54.51906896551724,54.31416240327726,1.1632801756369748,Greed
2022-02-17,50.542575,53.86230974948613,0.547163182471217,Greed
2022-02-18,51.98751798561151,53.681545869161816,0.300685270957449,Neutral
2022-02-22,52.68058823529412,53.5447127188268,0.11410845561184735,Neutral
2022-02-23,53.31760683760684,53.406880391925434,-0.07383077214084746,Neutral
2022-02-24,51.16503846153846,53.228761710606754,-0.31670186173157794,Neutral
2022-02-25,53.470639999999996,53.049765529288074,-0.5607694534496451,Fear
2022-02-28,51.427058823529414,52.893869654980904,-0.7733389637074739,Fear
2022-03-01,52.10393750000001,52.64933032271956,-1.1067769480581622,Fear
2022-03-02,54.65787671232877,52.62986211255189,-1.1333225376661544,Fear
2022-03-03,52.744927536231884,52.5893653139935,-1.1885413474956317,Fear
2022-03-04,53.65742857142857,52.7080645621138,-1.0266907459127497,Fear
2022-03-07,52.852437810945275,52.72643489399867,-1.001642151975316,Fear
2022-03-08,53.59695035460993,52.76597519961729,-0.9477275539261526,Fear
2022-03-09,52.66529069767442,52.63356246619993,-1.1282769752595743,Fear
2022-03-10,52.50761363636364,52.77392236879734,-0.9368913091053813,Fear
2022-03-11,51.92096899224806,52.76916886927138,-0.9433728729744381,Fear
2022-03-14,55.2776875,52.936403444653294,-0.7153426448167328,Fear
2022-03-15,54.587870370370375,53.06355558699171,-0.5419662245283097,Fear
2022-03-16,53.65479865771812,53.086035041665795,-0.5113146970766093,Fear
2022-03-17,53.39962837837838,53.23500770278846,-0.30818523160881445,Neutral
2022-03-18,54.412045454545456,53.29776806642482,-0.2226092673886268,Neutral
2022-03-21,52.43924311926605,53.36524701947393,-0.13059934046717164,Neutral
2022-03-22,57.867985074626866,53.74951685778239,0.39336610569427377,Neutral
2022-03-23,52.253214285714286,53.58920602934142,0.17477665012228283,Neutral
2022-03-24,53.86675595238095,53.66399459041802,0.2767534847985923,Neutral
2022-03-25,54.00666666666667,53.68727713010056,0.30850004691815486,Neutral
2022-03-28,54.542500000000004,53.79994794270421,0.4621306645464185,Neutral
2022-03-29,54.73765306122449,53.87599478981185,0.5658232165024244,Greed
2022-03-30,54.24617647058823,53.98138717467277,0.7095294417912873,Greed
2022-03-31,53.26814685314685,54.032089389124984,0.7786636952985921,Greed
2022-04-01,53.96456834532374,54.168329345996696,0.9644316704837805,Greed
2022-04-04,53.74670616113744,54.066263923405856,0.8252618753188075,Greed
2022-04-05,50.986466666666665,53.82617034315895,0.4978858302762457,Neutral
2022-04-06,54.3413025210084,53.87193726737829,0.5602906418887973,Greed
2022-04-07,53.04396946564886,53.848226673196336,0.5279604123969653,Greed
2022-04-08,57.16518939393939,54.03176960248926,0.7782276549681835,Greed
2022-04-11,54.760486111111106,54.18651913527893,0.9892340882296063,Greed
2022-04-12,53.78828467153284,53.914539108406,0.6183797511970889,Greed
2022-04-13,56.68347972972973,54.209890138007026,1.0211012728246103,Greed
2022-04-14,55.01286096256685,54.28629713868609,1.125284906848277,Greed
2022-04-18,55.02560402684564,54.34077817431931,1.199571716004464,Greed
2022-04-19,56.160384615384615,54.44240185675932,1.3381391829298914,Greed
2022-04-20,54.17825757575758,54.437550507128556,1.3315241969998042,Greed
2022-04-21,54.298815789473686,54.511169716866185,1.4319065799784692,Greed
2022-04-22,53.15631756756757,54.453437518455026,1.353186695973152,Greed
2022-04-25,53.78283393501805,54.45601807373221,1.3567053738977743,Greed
2022-04-26,52.365400943396224,54.5545133792129,1.491007188758326,Greed
2022-04-27,55.37420289855072,54.62829197760878,1.591606903781064,Extreme greed
2022-04-28,58.78917061611374,55.03866348835627,2.151162898774749,Extreme greed
2022-04-29,52.63806701030928,54.71529760381126,1.710242136648708,Extreme greed
2022-05-02,52.39487951807229,54.546325704308494,1.479843005919526,Greed
2022-05-03,54.77053333333333,54.61648632300852,1.5755094783180557,Extreme greed
2022-05-04,52.124020979020976,54.290810697957895,1.1314393037378139,Greed
2022-05-05,55.351024096385544,54.31496520751637,1.1643748274659593,Greed
2022-05-06,52.82703333333333,54.21576974923751,1.0291183296282282,Greed
2022-05-09,52.71433333333333,54.061685036336684,0.8190184016788185,Greed
2022-05-10,54.280744680851065,53.93637570736778,0.6481547222643603,Greed
2022-05-11,52.54828571428572,53.82771091660299,0.4999864563766542,Neutral
2022-05-12,49.163231707317074,53.48533864445922,0.03314981596586912,Neutral
2022-05-13,53.089755244755246,53.480901156271734,0.027099144676583507,Neutral
2022-05-16,51.37800970873787,53.32057954118638,-0.19150501886458005,Neutral
2022-05-17,53.74060301507538,53.41225967929833,-0.06649592452236777,Neutral
2022-05-18,49.731047297297295,53.03604930588143,-0.5794720067089634,Fear
2022-05-19,53.0696644295302,52.65474889344252,-1.099388536209566,Fear
2022-05-20,51.73934640522876,52.59483418643716,-1.1810843474808543,Fear
2022-05-23,54.97543010752688,52.766870892400796,-0.9465062452983389,Fear
2022-05-24,54.6256779661017,52.75721386791869,-0.9596739379895749,Fear
2022-05-25,51.645102040816326,52.72528593870505,-1.0032087929474323,Fear
2022-05-26,52.14484567901235,52.51154071088017,-1.2946579323207963,Fear
2022-05-27,52.4790099009901,52.48833914872395,-1.326294078733792,Fear
2022-05-31,55.44184375,52.5551323547625,-1.2352191919911917,Fear
2022-06-01,54.3738188976378,52.685527582144786,-1.057420711128275,Fear
2022-06-02,53.842708333333334,53.01977591257452,-0.601661351108592,Fear
2022-06-03,52.9186936936937,53.00755723035583,-0.6183219542628796,Fear
2022-06-06,53.304836601307194,53.145187722682216,-0.4306579350552945,Neutral
2022-06-07,53.1148,53.10048750731969,-0.4916082516063873,Neutral
2022-06-08,53.27675213675214,53.35375213870932,-0.14627301486980868,Neutral
2022-06-09,54.249117647058824,53.43799879710422,-0.031399731689924264,Neutral
2022-06-10,52.47922480620155,53.49084725431657,0.04066099934248221,Neutral
2022-06-13,53.6559090909091,53.39659575312958,-0.08785423903327706,Neutral
2022-06-14,52.92489285714286,53.27511110248965,-0.253502834963986,Neutral
2022-06-15,54.72564748201439,53.49515006257524,0.046528029809734875,Neutral
2022-06-16,52.365223880597014,53.510891362688426,0.06799184641650444,Neutral
2022-06-17,54.638729508196725,53.66515704891748,0.2783385378670136,Neutral
2022-06-21,53.133917050691245,53.500305141824,0.05355716176155189,Neutral
2022-06-22,51.972500000000004,53.32878236342129,-0.18032018210764003,Neutral
2022-06-23,52.23364640883978,53.2138493688146,-0.3370353644983655,Neutral
2022-06-24,53.71890756302521,53.27100750233829,-0.25909823816721567,Neutral
2022-06-27,54.11324444444444,53.328750919705236,-0.1803630567209163,Neutral
2022-06-28,53.23503012048192,53.33733878545394,-0.16865319958406516,Neutral
2022-06-29,53.26160256410256,53.33625667312184,-0.17012869782608472,Neutral
2022-06-30,53.049090909090914,53.2505404775527,-0.28700574665288986,Neutral
2022-07-01,54.348482142857144,53.38405885874238,-0.10494873567653659,Neutral
2022-07-05,53.913486842105264,53.439192993572824,-0.029771402783782645,Neutral
2022-07-06,52.6075,53.2762585718794,-0.25193822007408617,Neutral
2022-07-07,53.01633802816901,53.32634427553879,-0.18364460072649327,Neutral
2022-07-08,54.41348958333333,53.30901812747236,-0.20726941328489035,Neutral
2022-07-11,53.03880952380952,53.289717512925016,-0.23358648036724933,Neutral
2022-07-12,50.52932142857143,53.1036749684879,-0.4872620361436407,Neutral
2022-07-13,52.797586206896554,53.162609697551936,-0.40690245927866453,Neutral
2022-07-14,49.740111111111105,52.98450003342846,-0.6497612536064389,Fear
2022-07-15,53.250718562874255,52.9510579619891,-0.6953606947684631,Fear
2022-07-18,56.05852320675105,53.090006445011,-0.5058995488702942,Fear
2022-07-19,53.13091603053435,53.08256972430047,-0.5160397792412839,Fear
2022-07-20,55.05948170731707,53.21098966310149,-0.3409346738650703,Neutral
2022-07-21,54.65692567567568,53.32583500357184,-0.18433901097361,Neutral
2022-07-22,55.25277777777777,53.39042754892331,-0.0962648025143433,Neutral
2022-07-25,52.776905829596416,53.349526100968184,-0.15203536603500947,Neutral
2022-07-26,46.97145320197044,52.88672385829253,-0.7830825089372686,Fear
2022-07-27,54.9160989010989,53.04063045169913,-0.5732254531858726,Fear
2022-07-28,54.753221153846155,53.1564226600776,-0.4153387025834396,Neutral
2022-07-29,58.25087719298245,53.41224850072088,-0.06651116690607382,Neutral
2022-08-01,54.15730555555556,53.48681490283728,0.03516274621070941,Neutral
2022-08-02,50.12146739130435,53.45962463368614,-0.0019121425438729655,Neutral
2022-08-03,56.53698224852071,53.70891770312775,0.3380077297258796,Neutral
2022-08-04,53.69066433566434,53.97228791809797,0.6971222852683098,Greed
2022-08-05,56.34147368421052,54.17833825952039,0.9780791762654405,Greed
2022-08-08,53.40792349726776,54.001631612221495,0.7371334447471242,Greed
2022-08-09,51.3943893129771,53.88586316438434,0.57927909247886,Greed
2022-08-10,54.586937984496124,53.85436024952962,0.5363237595547362,Greed
2022-08-11,53.47027972027972,53.77525051916989,0.4284548585082392,Neutral
2022-08-12,55.15045454545455,53.76842897034833,0.4191534366544392,Neutral
2022-08-15,53.22077720207254,53.79802039518008,0.4595023856710277,Neutral
2022-08-16,54.07428057553957,54.27154222008469,1.1051660561414696,Greed
2022-08-17,54.63714912280702,54.25294556819856,1.0798088669186132,Greed
2022-08-18,51.35799107142857,54.0265968960374,0.7711744877046668,Greed
2022-08-19,52.90058252427185,53.669910584790024,0.28482015129591715,Neutral
2022-08-22,56.269478527607355,53.810722116260145,0.4768216293098978,Neutral
2022-08-23,52.89299019607843,53.99549030324508,0.7287595538583452,Greed
2022-08-24,52.05740310077519,53.696851693395374,0.3215553008788893,Neutral
2022-08-25,53.89408,53.71041273768442,0.34004626195094323,Neutral
2022-08-26,51.72692660550459,53.40277626577069,-0.07942689256819883,Neutral
2022-08-29,50.68759868421053,53.22142127823354,-0.32671079956645577,Neutral
2022-08-30,53.56406542056075,53.36606635207246,-0.12948215163852442,Neutral
2022-08-31,52.92109756097561,53.255010323837745,-0.2809109539589651,Neutral
2022-09-01,49.961271676300576,53.02107645423914,-0.599888016785614,Fear
2022-09-02,51.365598290598285,52.768752703915396,-0.9439403290812877,Fear
2022-09-06,52.97411602209945,52.65788205737273,-1.0951163569414375,Fear
2022-09-07,52.20222627737226,52.48395899698453,-1.3322665697585938,Fear
2022-09-08,55.319398496240595,52.76691667018539,-0.9464438256782256,Fear
2022-09-09,53.48742718446602,52.80883414591354,-0.8892878725372092,Fear
2022-09-12,54.865596590909085,52.70855686472081,-1.026019473985017,Fear
2022-09-13,53.94081967213115,52.78340182729601,-0.9239657338807236,Fear
2022-09-14,52.54974842767295,52.81856935064585,-0.8760135783238225,Fear
2022-09-15,51.240254777070064,52.62901040615085,-1.1344838693136907,Fear
2022-09-16,53.503,52.75587279147195,-0.9615025429142994,Fear
2022-09-19,52.20581395348837,52.86431673927751,-0.8136354041724916,Fear
2022-09-20,49.23757142857143,52.55528145413542,-1.2350158897497308,Fear
2022-09-21,54.08490566037736,52.63841060409269,-1.12166636864727,Fear
2022-09-22,53.04014814814815,52.85833035208179,-0.8217980537619247,Fear
2022-09-23,50.853093220338984,52.82172284706327,-0.8717136749939265,Fear
2022-09-26,54.21775974025974,52.91479197327637,-0.74481064650029,Fear
2022-09-27,53.28199115044248,52.93531698183257,-0.716824075103075,Fear
2022-09-28,51.055400000000006,52.858861896674426,-0.8210732740059606,Fear
2022-09-29,51.69224637681159,52.61705175537916,-1.150789910440049,Fear
2022-09-30,52.803031914893616,52.57142540407433,-1.2130030459371979,Fear
2022-10-03,54.98745161290323,52.57954907220728,-1.2019261385835438,Fear
2022-10-04,55.21767857142857,52.6646729988271,-1.0858566693098035,Fear
2022-10-05,53.2960162601626,52.71442418765974,-1.0180191726993366,Fear
2022-10-06,50.652671755725194,52.67525198623675,-1.071431847724965,Fear
2022-10-07,51.78165644171779,52.560495749017946,-1.2279060151975993,Fear
2022-10-10,51.559588235294115,52.517414034471656,-1.286649448934198,Fear
2022-10-11,52.31325892857143,52.72245986780499,-1.0070622400630063,Fear
2022-10-12,52.1288671875,52.5920573029465,-1.184870725832919,Fear
2022-10-13,50.53052631578948,52.424749180789256,-1.4130012376067433,Fear
2022-10-14,53.80610429447853,52.62161658573189,-1.1445656036275487,Fear
2022-10-17,53.7462091503268,52.59017987973636,-1.1874306584424226,Fear
2022-10-18,54.63207317073171,52.680185347755646,-1.0647050356995877,Fear
2022-10-19,52.852357142857144,52.799982490612784,-0.9013574160104774,Fear
2022-10-20,54.24566433566434,52.970210354536306,-0.6692457335989107,Fear
2022-10-21,54.22673913043478,53.06512416890571,-0.5398274078935515,Fear
2022-10-24,55.20479289940829,53.07961358800605,-0.520070575098797,Fear
2022-10-25,53.47236686390532,52.96325947417117,-0.6787235035632847,Fear
2022-10-26,54.77934210526316,53.062147863844544,-0.5438857045742177,Fear
2022-10-27,54.30880710659899,53.30589022056946,-0.21153442441130604,Neutral
2022-10-28,55.35210365853659,53.543920035024044,0.11302760335395239,Neutral
2022-10-31,54.76333333333334,53.75750304155999,0.40425554829164045,Neutral
2022-11-01,54.83125,53.925369112988555,0.63314684352994,Greed
2022-11-02,55.97123134328358,54.18152672337414,0.982426758925208,Greed
2022-11-03,52.287410071942446,54.29865230711767,1.1421316137565032,Greed
2022-11-04,55.381904761904764,54.40370567161275,1.2853755728471432,Greed
2022-11-07,52.37997159090909,54.31262316765157,1.1611813736989667,Greed
2022-11-08,55.56297872340426,54.37468353782974,1.245802872207639,Greed
2022-11-09,51.33548076923077,54.273558446254654,1.107915251470871,Greed
2022-11-10,53.406009174311926,54.21758143549781,1.0315886275934893,Greed
2022-11-11,54.43863636363637,54.23170791771126,1.050850583172006,Greed
2022-11-14,53.528191489361696,54.119934490374824,0.8984435819326357,Greed
2022-11-15,55.14325396825397,54.231326963998065,1.0503311393791213,Greed
2022-11-16,52.72270370370371,54.094217737227424,0.8633778840990094,Greed
2022-11-17,53.258551401869155,54.02420069024545,0.767907176790028,Greed
2022-11-18,51.4529375,53.76425627967634,0.4134638260951804,Neutral
2022-11-21,55.0021686746988,53.78017863576737,0.4351745188987151,Neutral
2022-11-22,52.82768867924528,53.646607881050386,0.2530460947749719,Neutral
2022-11-23,54.08932038834951,53.521147150721454,0.08197597427862716,Neutral
2022-11-25,54.93842592592593,53.57759416806432,0.15894346867457695,Neutral
2022-11-28,52.587046979865775,53.59238526727551,0.17911165291595094,Neutral
2022-11-29,52.56370535714286,53.378151455399696,-0.11300368800308266,Neutral
2022-11-30,54.86889380530974,53.63053810083391,0.23113438398885663,Neutral
2022-12-01,55.64762711864407,53.790653668286204,0.44945759433197463,Neutral
2022-12-02,56.44013636363636,53.93361795400049,0.6443944285086584,Greed
2022-12-05,52.62734265734266,53.869271608856266,0.5566559226952327,Greed
2022-12-06,51.15608490566038,53.58447381867102,0.16832411435689623,Neutral
2022-12-07,53.79525210084034,53.661084418466494,0.27278536294000333,Neutral
2022-12-08,54.1141129032258,53.72219595427767,0.356113092401851,Neutral
2022-12-09,53.97653846153846,53.90245316581614,0.6019001431975349,Greed
2022-12-12,53.179468085106386,53.772260266559535,0.42437754385347526,Neutral
2022-12-13,54.62405303030303,53.900572005920814,0.5993351154862929,Greed
2022-12-14,53.9228021978022,53.88867784945314,0.5831170146128718,Greed
2022-12-15,53.390071428571424,53.85543742139436,0.5377925212956713,Greed
2022-12-16,50.60527777777778,53.56656087818448,0.14389918968571042,Neutral
2022-12-19,54.133906249999995,53.669684829526766,0.2845123260506227,Neutral
2022-12-20,58.01376984126985,54.0330224618019,0.7799359727263834,Greed
2022-12-21,55.54764492753623,54.07827253661699,0.8416360419894238,Greed
2022-12-22,52.05058823529412,53.838469944393665,0.5146567693562537,Greed
2022-12-23,55.23950704225352,53.75842798963481,0.4055167475385853,Neutral
2022-12-27,55.14486413043478,54.12413260085385,0.9041678532932493,Greed
2022-12-28,51.925224719101124,53.990559216443906,0.7220358434906253,Greed
2022-12-29,51.653415841584156,53.81479514061236,0.4823753413350979,Neutral
2022-12-30,54.143457446808505,53.82671792527451,0.49863247775904485,Neutral
2023-01-03,54.4498717948718,53.86310781794657,0.5482513768993377,Greed
2023-01-04,54.893795620437956,53.93779961968779,0.6500962768170973,Greed
2023-01-05,55.55142307692308,54.104057438791756,0.8767946634198777,Greed
2023-01-06,54.35227722772277,54.39228816571061,1.2698074017921401,Greed
2023-01-09,54.3965923566879,54.41249478930199,1.2973598440865406,Greed
2023-01-10,53.79198275862069,54.08774193679051,0.8545479023338055,Greed
2023-01-11,52.91,53.88484617313387,0.5778923891231175,Greed
2023-01-12,54.749301470588236,54.092439498925735,0.8609531936022806,Greed
2023-01-13,55.85965909090909,54.14014350266847,0.9259992813066357,Greed
2023-01-17,54.00351097178683,54.05234710584939,0.8062858048777379,Greed
2023-01-18,55.70141221374046,54.34282306697549,1.2023599990965328,Greed
2023-01-19,53.6431746031746,54.49588143325169,1.4110604673083367,Greed
2023-01-20,53.294463087248324,54.43057417482399,1.3220117224204198,Greed
2023-01-23,56.9313963963964,54.609204333507726,1.565580229396195,Extreme greed
2023-01-24,52.66039682539683,54.48138469283094,1.391293651635581,Greed
2023-01-25,52.45484455958549,54.307173902770046,1.1537511092851118,Greed
2023-01-26,55.263347639484984,54.286597085810186,1.1256938953064783,Greed
2023-01-27,52.97329729729729,54.18809851935123,0.9913876339873116,Greed
2023-01-30,50.589057142857136,53.91613171836331,0.6205513309143997,Greed
2023-01-31,52.33013824884792,53.81171425337954,0.47817444318336344,Neutral
2023-02-01,51.768081395348844,53.7301486387616,0.366956857533519,Neutral
2023-02-02,55.29684049079755,53.76925856877655,0.4202846233030968,Neutral
2023-02-03,54.01114173228346,53.63722161458901,0.24024759017238703,Neutral
2023-02-06,51.41420930232558,53.48902079377145,0.038170556120001704,Neutral
2023-02-07,55.2159328358209,53.56984891804039,0.1483825477282836,Neutral
2023-02-08,55.330567375886524,53.545125928850126,0.11467188201862155,Neutral
2023-02-09,57.035085714285714,53.77125333625752,0.423004558954974,Neutral
2023-02-10,53.97690217391305,53.81674927536851,0.4850398728368972,Neutral
2023-02-13,54.02644886363637,53.62308610651784,0.22097332751926627,Neutral
2023-02-14,55.259562043795626,53.79636378774443,0.4572435431400731,Neutral
2023-02-15,52.32058510638298,53.787413157530935,0.4450390438905721,Neutral
2023-02-16,53.73203821656051,53.685325862669295,0.3058394251147253,Neutral
2023-02-17,53.61592920353983,53.72816798975213,0.36425617291433715,Neutral
2023-02-21,52.14351211072665,53.93905975466454,0.6518145151993361,Greed
2023-02-22,53.74088957055214,54.07997462432191,0.8439568984678827,Greed
2023-02-23,53.09094059405941,53.92241034598349,0.6291124606058913,Greed
2023-02-24,51.85448717948718,53.76836359221232,0.419064291265468,Neutral
2023-02-27,52.86793193717277,53.87220092327283,0.5606501459784794,Greed
2023-02-28,55.977669902912616,53.92661071377939,0.6348398098974999,Greed
2023-03-01,52.46230263157894,53.72173466061455,0.355484102260254,Neutral
2023-03-02,53.92634328358209,53.49968162985001,0.05270698124497157,Neutral
2023-03-03,52.68244444444444,53.407220363459395,-0.07336720899142549,Neutral
2023-03-06,52.074489247311824,53.26779467657907,-0.2634790391423306,Neutral
2023-03-07,55.55771317829457,53.289091186186134,-0.23444049891480337,Neutral
2023-03-08,53.91407407407407,53.4029118267355,-0.0792420504225858,Neutral
2023-03-09,53.001164383561644,53.35070655294987,-0.1504257782204139,Neutral
2023-03-10,50.86996402877698,53.15456618332395,-0.4178700739624617,Neutral
2023-03-13,52.81214953271028,53.13173840661637,-0.44899655076353556,Neutral
2023-03-14,54.79605072463769,53.308574314210446,-0.207874568284347,Neutral
2023-03-15,52.59405660377359,53.23211878309188,-0.31212437526996334,Neutral
2023-03-16,51.40107594936709,53.119461140112385,-0.46573703565228247,Neutral
2023-03-17,51.487964285714284,53.09502628052753,-0.4990548265063099,Neutral
2023-03-20,52.29963768115942,53.0571399967933,-0.5507141075146383,Fear
2023-03-21,55.16631205673759,53.00304947371497,-0.6244684390609414,Fear
2023-03-22,53.134343750000006,53.047852214943035,-0.5633783248845161,Fear
2023-03-23,54.635145985401465,53.09510572839766,-0.49894649653978124,Neutral
2023-03-24,52.30938095238095,53.070234828926765,-0.5328588431217284,Fear
2023-03-27,54.558078817733985,53.23580746695491,-0.30709472502587937,Neutral
2023-03-28,56.33441964285714,53.28758789792575,-0.2364902853553175,Neutral
2023-03-29,54.35774834437086,53.317166182612205,-0.1961592533892079,Neutral
2023-03-30,54.45048872180451,53.413787805161725,-0.06441227113617157,Neutral
2023-03-31,53.561163793103454,53.59320112278349,0.18022410060927987,Neutral
2023-04-03,52.79120817843866,53.59180503249872,0.1783204823805843,Neutral
2023-04-04,55.80859649122807,53.659308083604735,0.2703632678505973,Neutral
2023-04-05,50.30679054054054,53.5068236793892,0.06244541710499647,Neutral
2023-04-06,53.32893103448276,53.63534735173025,0.2376919668132005,Neutral
2023-04-10,54.48460144927536,53.94480069702538,0.6596424921197335,Greed
2023-04-11,53.76003571428571,53.84435238685025,0.5226776866362811,Greed
2023-04-12,53.913012820512826,53.89997160617259,0.5985164493028178,Greed
2023-04-13,51.70584795321638,53.690736032445095,0.313216381976249,Neutral
2023-04-14,53.46185792349727,53.773055816096246,0.42546230364045573,Neutral
2023-04-17,54.111245136186774,53.74113912455716,0.3819427716472854,Neutral
2023-04-18,55.62671296296297,53.69058864742186,0.31301541731090937,Neutral
2023-04-19,55.702389380530974,53.786634435719016,0.4439772292984773,Neutral
2023-04-20,52.18693693693694,53.62495216537133,0.22351776442859703,Neutral
2023-04-21,55.529300000000006,53.76553332300681,0.41520511961267753,Neutral
2023-04-24,54.4085119047619,53.88105501774418,0.572723015346681,Greed
2023-04-25,52.95134042553192,53.67696529876588,0.2944395020421831,Neutral
2023-04-26,55.13565727699531,54.02188435136979,0.764748767226092,Greed
2023-04-27,53.44496,54.03017213462102,0.7760494513183795,Greed
2023-04-28,53.578325892857144,54.00004905183676,0.7349755679756494,Greed
2023-05-01,52.92808510638298,53.896281295643945,0.5934845810429294,Greed
2023-05-02,51.17483606557378,53.72393465239647,0.35848386846787583,Neutral
2023-05-03,54.77516666666667,53.7814115754734,0.4368556755723773,Neutral
2023-05-04,51.89956852791878,53.79432628045356,0.4544653302534765,Neutral
2023-05-05,51.910816326530615,53.69092350732246,0.31347201056837254,Neutral
2023-05-08,53.78186170212766,53.66896461171851,0.2835302837261498,Neutral
2023-05-09,50.01213286713286,53.2946592719965,-0.2268482179834224,Neutral
2023-05-10,52.71658620689655,53.09560572708754,-0.49826473073225946,Neutral
2023-05-11,53.44641509433962,53.17957093758105,-0.3837752116694705,Neutral
2023-05-12,53.09903361344538,53.017553178477414,-0.6046921272632166,Fear
2023-05-15,53.15710526315789,52.93412606903714,-0.7184479266052993,Fear
2023-05-16,49.28354037267081,52.689606065513075,-1.0518595555425685,Fear
2023-05-17,52.321979865771816,52.50202757143151,-1.3076294327059252,Fear
2023-05-18,53.911657608695656,52.53314074534455,-1.2652055252699332,Fear
2023-05-19,52.217924528301886,52.44244732104086,-1.38886920061425,Fear
2023-05-22,53.117877551020406,52.45510015068336,-1.3716166221708843,Fear
2023-05-23,52.37954545454546,52.53541410994814,-1.262105712638127,Fear
2023-05-24,50.141578947368416,52.22650826199492,-1.6833097060537197,Extreme fear
2023-05-25,51.81622448979592,52.22095199278672,-1.690885874632244,Extreme fear
2023-05-26,53.168940397350994,52.304826930841415,-1.5765194452162763,Extreme fear
2023-05-30,53.36904255319149,52.439103710468025,-1.393428331284763,Fear
2023-05-31,52.107565445026175,52.39560222747728,-1.4527441340661194,Fear
2023-06-01,53.52881773399015,52.40148813030946,-1.4447184984422052,Fear
2023-06-02,51.54287564766839,52.290333989896816,-1.5962810801696101,Extreme fear
2023-06-05,52.90583333333333,52.27238599490935,-1.6207538028863022,Extreme fear
2023-06-06,52.98337301587301,52.536659755138075,-1.260407231590083,Fear
2023-06-07,54.851875,52.71736655044009,-1.014007157512918,Fear
2023-06-08,54.070779569892466,52.728732404811296,-0.9985094151378459,Fear
2023-06-09,53.30649390243902,52.80648736010681,-0.8924877975630315,Fear
2023-06-12,54.38765625,52.897185838605346,-0.7688172306461891,Fear
2023-06-13,56.66726775956285,53.20345171753515,-0.3512129278888432,Neutral
2023-06-14,54.160062111801246,53.49048622928036,0.04016872900191253,Neutral
2023-06-15,52.47564024390243,53.53758735457369,0.10439277072650803,Neutral
2023-06-16,54.84033112582781,53.65697240660774,0.2671784900777561,Neutral
2023-06-20,53.14785245901639,53.641173114166655,0.2456355988912652,Neutral
2023-06-21,50.949262295081965,53.558437174884936,0.13282223438115948,Neutral
2023-06-22,53.979600000000005,53.59063590817135,0.17672634022125022,Neutral
2023-06-23,52.69248466257669,53.67275083780766,0.2886929362278519,Neutral
2023-06-26,52.96220454545454,53.67677735295917,0.2941832313213287,Neutral
2023-06-27,54.90030120481928,53.81370079502677,0.480883162621479,Neutral
2023-06-28,51.69395161290323,53.588134838805566,0.17331604413375926,Neutral
2023-06-29,54.59126696832579,53.62531251012223,0.22400910717619804,Neutral
2023-06-30,54.09648648648649,53.6817405518399,0.3009507276394823,Neutral
2023-07-03,55.54848623853211,53.7646569795922,0.4140101945302289,Neutral
2023-07-05,54.3198,53.553666757148214,0.12631760193641445,Neutral
2023-07-06,51.949416243654824,53.51318798789839,0.07112337570358568,Neutral
2023-07-07,52.897943037974684,53.36377351960199,-0.13260850939184118,Neutral
2023-07-10,53.219320388349516,53.35345543879824,-0.14667757563879072,Neutral
2023-07-11,53.17797368421053,53.35560695488355,-0.14374390774926002,Neutral
2023-07-12,53.49018041237113,53.537101106118484,0.10372975384780234,Neutral
2023-07-13,54.136632124352325,53.548317686429364,0.11902395578898606,Neutral
2023-07-14,54.93223502304148,53.70829985503399,0.3371652721092934,Neutral
2023-07-17,52.830252707581224,53.698874723757335,0.32431377396350414,Neutral
2023-07-18,54.167644628099175,53.64654211113446,0.25295641518030293,Neutral
2023-07-19,54.99090047393365,53.88203845835092,0.5740639712191253,Greed
2023-07-20,53.059755555555554,53.77264478601019,0.424901849654855,Neutral
2023-07-21,51.82312820512821,53.61026205162746,0.20348727742536518,Neutral
2023-07-24,55.85404109589041,53.632087398581625,0.2332469059843167,Neutral
2023-07-25,54.686811594202894,53.70240234495637,0.32912380959777765,Neutral
2023-07-26,53.98307086614174,53.67995373603249,0.2985143414118744,Neutral
2023-07-27,56.41696296296296,53.977790183986365,0.7046248184200214,Greed
2023-07-28,54.72173664122137,54.09937642420281,0.870411935313029,Greed
2023-07-31,56.43149122807017,54.31352114685085,1.1624057999351387,Greed
2023-08-01,53.92254273504273,54.363159083573,1.2300888733078579,Greed
2023-08-02,50.78073529411765,54.18252940902277,0.983793956089462,Greed
2023-08-03,54.22933467741935,54.18870957922724,0.9922208356301381,Greed
2023-08-04,52.62064971751412,54.03460389219208,0.7820923087105254,Greed
2023-08-07,53.30141361256544,54.06601461919102,0.8249219402494044,Greed
2023-08-08,50.59104046242775,53.827574341479604,0.4998002313901346,Neutral
2023-08-09,52.84291878172589,53.68437556199908,0.3045436567118579,Neutral
2023-08-10,54.552261904761906,53.7838759852795,0.44021598506026954,Neutral
2023-08-11,53.54303030303031,53.89853612513965,0.5965591204029157,Greed
2023-08-14,55.57143497757848,53.87969571725218,0.570869561294985,Greed
2023-08-15,50.50900510204082,53.60117528444138,0.19109715062338653,Neutral
2023-08-16,53.83856707317073,53.59154169824331,0.17796141685717068,Neutral
2023-08-17,53.33463470319634,53.3860531475922,-0.1022294526550754,Neutral
2023-08-18,51.85122159090909,53.19468547757139,-0.363166004544534,Neutral
2023-08-21,53.616660305343515,53.00703008272294,-0.619040738609511,Fear
2023-08-22,53.327,52.96732723372009,-0.6731769702826302,Fear
2023-08-23,55.44159274193548,53.278051063574615,-0.2494940945737423,Neutral
2023-08-24,53.50104089219331,53.22949814455954,-0.31569770812342673,Neutral
2023-08-25,53.00215846994536,53.254932061388295,-0.28101766756267593,Neutral
2023-08-28,54.20741803278689,53.315332356069725,-0.19865974040828546,Neutral
2023-08-29,55.513575129533685,53.643501333876785,0.24881020839106321,Neutral
2023-08-30,53.121134969325155,53.66204907971674,0.274100712499062,Neutral
2023-08-31,54.26888888888889,53.6431575453252,0.24834144060380228,Neutral
2023-09-01,54.13800653594771,53.6828226275197,0.3024261759047976,Neutral
2023-09-05,53.921801346801345,53.79169290571268,0.4508746311315002,Neutral
2023-09-06,53.746420118343195,53.785110980367854,0.441899944320056,Neutral
2023-09-07,52.78692105263158,53.74598857675609,0.3885551703623068,Neutral
2023-09-08,53.11866492146597,53.83652024322443,0.5119982832062134,Greed
2023-09-11,54.77759927797834,53.91944445555549,0.6250683646440259,Greed
2023-09-12,53.237963917525775,53.91308473537877,0.6163966623982077,Greed
2023-09-13,54.64849056603774,53.85643457995749,0.539152182084352,Greed
2023-09-14,55.38388613861386,53.990923526130395,0.7225325925674263,Greed
2023-09-15,53.22069047619047,54.006532955147904,0.7438165982949829,Greed
2023-09-18,53.18241150442478,53.933318203122035,0.6439857076382978,Greed
2023-09-19,52.191638418079094,53.696037009446705,0.3204444506479066,Neutral
2023-09-20,51.50947222222222,53.580918241796496,0.1634759601753896,Neutral
2023-09-21,52.81146039603961,53.47681620659297,0.021529172049010406,Neutral
2023-09-22,54.2145,53.48228002545385,0.028979281325839133,Neutral
2023-09-25,51.980199203187254,53.38214130396941,-0.10756338908409753,Neutral
2023-09-26,54.27541176470588,53.40571533182972,-0.0754193725773105,Neutral
2023-09-27,55.336493902439024,53.51172025076944,0.06912206448175717,Neutral
2023-09-28,54.611061452513965,53.6333296107616,0.2349407060024826,Neutral
2023-09-29,56.03196428571428,53.82754956837815,0.49976645239459394,Neutral
2023-10-02,54.633156028368795,53.81792001840419,0.4866362221619715,Neutral
2023-10-03,54.46996987951807,53.90005374920367,0.5986284542161309,Greed
2023-10-04,54.32031055900621,53.87817508206823,0.5687961217137913,Greed
2023-10-05,52.59348958333334,53.692148645049535,0.3151425289691979,Neutral
2023-10-06,54.10751322751322,53.751270161804385,0.3957567974232569,Neutral
2023-10-09,52.38126865671642,53.69786063862383,0.3229310332004984,Neutral
2023-10-10,55.5179,53.91961141075188,0.6252960139290897,Greed
2023-10-11,55.347236180904524,54.17546234133071,0.9741577606164454,Greed
2023-10-12,54.83682741116751,54.3104868090059,1.1582683735117347,Greed
2023-10-13,53.37131313131314,54.254274351093436,1.081620709152781,Greed
2023-10-16,55.71175619834711,54.503044817437434,1.4208279937096586,Greed
2023-10-17,53.92065573770491,54.479394415637366,1.3885798386485706,Greed
2023-10-18,48.55136212624584,54.02705229722449,0.7717954432478598,Greed
2023-10-19,54.52852564102564,54.02154990979193,0.7642927443663974,Greed
2023-10-20,50.50043814432989,53.65278150036631,0.2614640419485987,Neutral
2023-10-23,52.23343354430379,53.49280000142864,0.04332363874275556,Neutral
2023-10-24,57.67906690140845,53.706739802888,0.3350380861133613,Neutral
2023-10-25,53.77070564516129,53.67009947529834,0.2850777101506604,Neutral
2023-10-26,53.29748161764706,53.717032277585915,0.3490722375339789,Neutral
2023-10-27,53.416239669421486,53.67094737371314,0.28623384947495495,Neutral
2023-10-30,53.24260784313726,53.72836998614119,0.36453160209863683,Neutral
2023-10-31,57.19594907407408,53.8402399244128,0.5170701993941268,Greed
2023-11-01,56.186859903381645,53.89621483924461,0.5933939654039742,Greed
2023-11-02,55.673663003663,53.95200387874431,0.6694642838579407,Greed
2023-11-03,56.10767857142857,54.13442824141866,0.9182063214847855,Greed
2023-11-06,54.451791666666665,54.0504306059733,0.8036725898591791,Greed
2023-11-07,54.76229281767956,54.10653974463828,0.8801793747886133,Greed
2023-11-08,52.358197674418605,54.360328781183135,1.2262296564070296,Greed
2023-11-09,54.89588383838384,54.38481932767368,1.2596233783164668,Greed
2023-11-10,53.703079470198674,54.59832874939827,1.5507509877745735,Extreme greed
2023-11-13,53.166468253968254,54.66053106337589,1.6355660316485001,Extreme greed
2023-11-14,56.306324999999994,54.56901493661533,1.5107805725551104,Extreme greed
2023-11-15,55.016241610738255,54.652050667653796,1.6240027136745647,Extreme greed
2023-11-16,53.09121468926554,54.63829953909503,1.605252566012094,Extreme greed
2023-11-17,55.80927083333333,54.79783495002248,1.822784712519124,Extreme greed
2023-11-20,54.239236842105264,54.864276883287026,1.9133806264738467,Extreme greed
2023-11-21,54.66384422110553,54.69546989308912,1.6832063553846404,Extreme greed
2023-11-22,56.36830729166667,54.70756638564146,1.6997003486292694,Extreme greed
2023-11-24,55.769620253164554,54.61441246162105,1.5726816953415217,Extreme greed
2023-11-27,53.43364978902954,54.54168804178983,1.4735193898859777,Greed
2023-11-28,53.616164383561646,54.45982172506712,1.3618917863352247,Greed
2023-11-29,54.251333333333335,54.595045700703885,1.5462744353563678,Extreme greed
2023-11-30,56.40514204545455,54.70284985835179,1.693269197705374,Extreme greed
2023-12-01,52.842790697674424,54.641400660314346,1.6094810539164075,Extreme greed
2023-12-04,55.23554545454545,54.78919188892701,1.8109995945847497,Extreme greed
2023-12-05,53.96636904761905,54.62205217804266,1.583098717507548,Extreme greed
2023-12-06,53.77611111111111,54.533471428069284,1.4623157479530715,Greed
2023-12-07,54.34764285714285,54.62321629720338,1.5846860349460348,Extreme greed
2023-12-08,53.898160621761654,54.48670842494827,1.3985527477082198,Greed
2023-12-11,53.75605329949238,54.452195314761624,1.3514929075267272,Greed
2023-12-12,55.78763257575758,54.532465911522486,1.4609446907595518,Greed
2023-12-13,56.06134803921568,54.51054025063313,1.4310482806201343,Greed
2023-12-14,53.03329166666666,54.412057011702025,1.2967629189245404,Greed
2023-12-15,54.22949074074074,54.30938171087378,1.1567615333225638,Greed
2023-12-18,54.63703125,54.38960714160514,1.266151731084868,Greed
2023-12-19,56.330000000000005,54.57052951603436,1.5128457548877454,Extreme greed
2023-12-20,63.52,55.188440627145475,2.3553892978487094,Extreme greed
2023-12-21,59.2725,55.37959782411517,2.6160388623268833,Extreme greed
2023-12-22,57.397000000000006,55.683211777603546,3.0300271714292903,Extreme greed
2023-12-26,56.845000000000006,55.92080444013491,3.3539931271648005,Extreme greed
2023-12-27,60.775,56.42072507505554,4.035652504009353,Extreme greed
2023-12-28,57.366499999999995,56.636357728116764,4.329675214106896,Extreme greed
2023-12-29,53.05214285714286,56.57592788778685,4.247277000421144,Extreme greed
